{
  "bottom_left": [
    0.842982962609428,
    -0.17540485990582322,
    -0.8166802448334518
  ],
  "top_left": [
    0.8524037705280674,
    0.16194011091765564,
    -0.8406929118396753
  ],
  "top_right": [
    0.3348866986974175,
    0.1839005517995061,
    -0.5400478041615124
  ],
  "bottom_right": [
    0.32572154675487186,
    -0.14281579362146873,
    -0.5228983583685074
  ],
  "center": [
    0.5868140386389884,
    0.004938268323319343,
    -0.6716455628867057
  ],
  "qbl": [
    0.7142783678320097,
    -0.08598419800326959,
    -0.7477874013812207
  ],
  "qtl": [
    0.7326861513751068,
    0.07968343008087882,
    -0.7432454091926728
  ],
  "qtr": [
    0.4685904696899258,
    0.09258160802716217,
    -0.6092471552156136
  ],
  "qbr": [
    0.4617284898667625,
    -0.07118990727567404,
    -0.5932529619303982
  ],
  "plane_normal": [
    -0.10194844383211725,
    -0.009594645304790612,
    -0.17478866659271936
  ]
}