{
  "bottom_left": [
    -2080.386389997115,
    -411.8035832999896,
    -589.5838579361687
  ],
  "top_left": [
    -2103.51988728825,
    142.88078237703397,
    -581.2469953790296
  ],
  "top_right": [
    -863.4817509178672,
    -235.7811965305491,
    -565.2333174251421
  ],
  "bottom_right": [
    -922.6681256447066,
    -597.0776878304761,
    -571.9800506000457
  ],
  "center": [
    -1478.6663465138963,
    -247.85889790385767,
    -576.330525350744
  ],
  "plane_normal": [
    0.017729232372739212,
    0.015769331618949577,
    -1.0
  ],
  "ref_plane_normal": [
    0.0,
    0.0,
    -546.2063369358965
  ]
}