{
  "bottom_left": [
    0.7600891720610785,
    0.04229250938729831,
    -0.6716799999397447
  ],
  "top_left": [
    0.757772409425328,
    0.3805155359160641,
    -0.6873962044837114
  ],
  "top_right": [
    0.28215289707001234,
    0.3985338671524463,
    -0.330115144683651
  ],
  "bottom_right": [
    0.27854616475181926,
    0.05960740424652977,
    -0.31006294361140263
  ],
  "center": [
    0.5206927042160983,
    0.21748507901928604,
    -0.5004258610997159
  ],
  "plane_normal": [
    -0.752676025587356,
    -0.05099441794791204,
    -1.0
  ],
  "ref_plane_normal": [
    0.0,
    0.0,
    -0.09742242092106623
  ]
}