{
  "bottom_left": [
    1.2853537162264548,
    -0.19220147613240718,
    -0.4258284721789727
  ],
  "top_left": [
    1.263226285030279,
    0.4073557406190156,
    -0.3333768406822544
  ],
  "top_right": [
    0.2399115049015964,
    0.29454156833493483,
    0.11470400758431554
  ],
  "bottom_right": [
    0.2549938289724494,
    -0.30323476248228015,
    0.02544178480538406
  ],
  "center": [
    0.7591176671657773,
    0.04604880470739231,
    -0.1544859660163725
  ],
  "plane_normal": [
    -0.453102458697891,
    0.1383778972911619,
    -1.0
  ],
  "ref_plane_normal": [
    0.0,
    0.0,
    0.18282068059248954
  ]
}