{
  "bottom_left": [
    -665.3664251203311,
    826.3236560873847,
    146.7702192998446
  ],
  "top_left": [
    -654.0600727383935,
    154.43596383450506,
    32.09570980011267
  ],
  "top_right": [
    630.336225971653,
    116.21821476446465,
    136.11255355676394
  ],
  "bottom_right": [
    603.4259500234173,
    780.9275908247542,
    248.20790057132353
  ],
  "plane_normal": [
    0.08610663185888368,
    0.17212409567166728,
    -1.0
  ],
  "ref_plane_normal": [
    0.0,
    0.0,
    61.83246908279561
  ]
}